{"_timestamp":1.7328781147152202e+09,"val_loss":6.266332894563675,"elapsed_time":145.84093618392944,"_step":8,"_wandb":{"runtime":1365},"train_loss":0.06621517424096943,"train_acc":0.9791050553321838,"_runtime":1291.023554623,"epoch":9,"val_acc":0.8624942898750305}