{"train_acc":0.9601516127586365,"_wandb":{"runtime":2494},"train_loss":0.1439168912815977,"val_loss":0.20192907610777014,"val_acc":0.9499269127845764,"elapsed_time":168.3799078464508,"epoch":15,"_runtime":2494.532196727,"_timestamp":1.7330099957094498e+09,"_step":14}