{"epoch":27,"elapsed_time":181.13905596733093,"_wandb":{"runtime":4883},"val_loss":0.18747840205855937,"_runtime":4882.971987473,"_timestamp":1.7331770979167078e+09,"train_loss":0.7757244861222864,"_step":26,"train_acc":0.801644504070282,"val_acc":0.9495614171028137}