{"val_loss":0.20966600097021593,"_timestamp":1.733003638118313e+09,"train_acc":0.9790125489234924,"epoch":16,"train_loss":0.06874907188277317,"_step":15,"val_acc":0.9488304257392883,"_runtime":2640.306570617,"_wandb":{"runtime":2640},"elapsed_time":166.4635899066925}