{"val_acc":0.7756966948509216,"val_loss":0.8715455376583597,"train_loss":0.3624301057352999,"_wandb":{"runtime":1761},"_timestamp":1.7328706224893994e+09,"epoch":23,"elapsed_time":76.72237133979797,"_runtime":1761.126267265,"_step":22,"train_acc":0.8875739574432373}