{"epoch":10,"_runtime":1598.993777535,"_wandb":{"runtime":1599},"val_acc":0.9319323897361755,"train_loss":0.033264727797703654,"elapsed_time":161.2223677635193,"val_loss":0.28678823473687837,"_step":9,"train_acc":0.9903846383094788,"_timestamp":1.732884999478895e+09}