{"val_acc":0.9437134265899658,"_step":12,"train_acc":0.9743897914886475,"_timestamp":1.7329852126759071e+09,"_runtime":2125.099508149,"elapsed_time":163.61300539970398,"val_loss":0.21333394931029626,"_wandb":{"runtime":2125},"epoch":13,"train_loss":0.09129896709149891}