{"train_loss":0.05417758922544501,"_step":16,"train_acc":0.9844674468040466,"elapsed_time":161.60636568069458,"epoch":17,"_runtime":2739.904621886,"val_acc":0.9365006685256958,"_wandb":{"runtime":2887},"val_loss":0.23921274791971064,"_timestamp":1.7328907999603903e+09}