{"_timestamp":1.7328878712048934e+09,"_step":15,"train_loss":0.08781969839894384,"val_acc":0.9406121373176575,"_runtime":2593.319461394,"_wandb":{"runtime":2593},"val_loss":0.23941452623398948,"train_acc":0.9720783829689026,"elapsed_time":160.60321974754333,"epoch":16}