{"elapsed_time":71.93035054206848,"train_loss":0.3129866050016245,"_step":16,"val_loss":0.7334972045559814,"_wandb":{"runtime":1216},"val_acc":0.8090452551841736,"_timestamp":1.7328614679826674e+09,"train_acc":0.9027366638183594,"_runtime":1216.334293358,"epoch":17}