{"train_loss":0.1308795995789872,"val_loss":0.19571393242831406,"epoch":13,"_timestamp":1.7329266573591583e+09,"_step":12,"_wandb":{"runtime":3827},"val_acc":0.9484649300575256,"_runtime":3827.917548949,"train_acc":0.96209317445755,"elapsed_time":282.2960276603699}