{"_runtime":2498.83477121,"elapsed_time":165.52949476242065,"_timestamp":1.7328969587199037e+09,"train_acc":0.9752218723297119,"val_loss":0.20568871253804452,"val_acc":0.9479214549064636,"epoch":15,"train_loss":0.08152552700832971,"_wandb":{"runtime":2498},"_step":14}