{"elapsed_time":71.82753539085388,"_step":17,"val_loss":0.7908043954251469,"train_loss":0.2914722888515546,"_timestamp":1.7328549665812721e+09,"epoch":18,"_runtime":1281.830178517,"train_acc":0.9100406765937805,"_wandb":{"runtime":1281},"val_acc":0.783005952835083}