{"elapsed_time":162.6563241481781,"val_acc":0.949195921421051,"_wandb":{"runtime":2446},"_runtime":2446.765220864,"_step":14,"_timestamp":1.7329830103626966e+09,"val_loss":0.20226238672118999,"train_acc":0.9791050553321838,"epoch":15,"train_loss":0.07155793640189446}