{"val_acc":0.9477339386940002,"_wandb":{"runtime":2129},"train_loss":0.07526432183438901,"val_loss":0.1958095616189598,"epoch":13,"train_acc":0.9790125489234924,"_timestamp":1.7329804800878365e+09,"_runtime":2129.049691741,"_step":12,"elapsed_time":166.14655017852783}