{"elapsed_time":135.88213300704956,"_runtime":2058.465302952,"val_f1":0.8852339386940002,"epoch":15,"val_loss":0.5097962091040668,"train_loss":0.051588777719020214,"train_f1":0.9853253364562988,"_step":14,"_wandb":{"runtime":2058},"_timestamp":1.7326677737556286e+09}