{"val_loss":0.1871471914735509,"_runtime":1968.841610685,"val_acc":0.9550438523292542,"train_acc":0.967363178730011,"train_loss":0.1138336223649335,"elapsed_time":164.69277334213257,"_wandb":{"runtime":1968},"epoch":12,"_timestamp":1.7329908896830444e+09,"_step":11}