{"elapsed_time":164.22047519683838,"_wandb":{"runtime":1961},"train_loss":0.057341585767223945,"train_acc":0.9842825531959534,"epoch":12,"_timestamp":1.7329328691241455e+09,"_step":11,"val_acc":0.9470029473304749,"val_loss":0.20927297518464066,"_runtime":1961.262387717}