{"_wandb":{"runtime":2620},"val_acc":0.9470029473304749,"train_acc":0.9652366638183594,"_step":15,"train_loss":0.11132654031055302,"elapsed_time":165.2667806148529,"val_loss":0.23700717382928624,"epoch":16,"_timestamp":1.7329885274936397e+09,"_runtime":2620.309853748}