{"val_loss":0.20859265421245785,"elapsed_time":164.98121070861816,"_runtime":2492.792272617,"train_loss":0.08145268789710224,"_timestamp":1.733097106872259e+09,"_wandb":{"runtime":2492},"train_acc":0.976331353187561,"epoch":15,"val_acc":0.9444444179534912,"_step":14}