{"train_loss":0.36039129962053523,"train_acc":0.8851701021194458,"val_acc":0.8035632967948914,"val_loss":0.7542446506196174,"_timestamp":1.7328626399157364e+09,"_step":15,"_wandb":{"runtime":1162},"elapsed_time":72.54109334945679,"_runtime":1162.072865273,"epoch":16}