{"_wandb":{"runtime":1676},"_timestamp":1.7328643255360708e+09,"epoch":23,"train_loss":0.2861826330224967,"elapsed_time":72.86662745475769,"val_loss":0.6516395586988201,"_step":22,"train_acc":0.911057710647583,"_runtime":1676.014463178,"val_acc":0.8282320499420166}