{"_runtime":4822.073724865,"_step":49,"train_f1":0.9093677997589111,"_wandb":{"runtime":4822},"_timestamp":1.732598180766789e+09,"train_loss":0.45483807550336625,"val_loss":1.8816962131883863,"val_f1":0.6995614171028137,"elapsed_time":97.44021391868591,"epoch":50}