{"_wandb":{"runtime":1705},"val_loss":0.787964631465898,"_step":24,"val_acc":0.7948834896087646,"epoch":25,"train_loss":0.2645286199961894,"elapsed_time":68.0089738368988,"train_acc":0.9151257276535034,"_runtime":1705.138817895,"_timestamp":1.732872341520216e+09}