{"train_loss":0.09451865782884099,"_step":14,"val_loss":0.19853858492688445,"_wandb":{"runtime":2743},"_runtime":2743.48405007,"train_acc":0.9717085957527161,"epoch":15,"_timestamp":1.7329041156332035e+09,"elapsed_time":183.30484795570374,"val_acc":0.9433479309082031}