{"val_loss":0.19068690686355355,"_timestamp":1.732993366290503e+09,"_runtime":2452.915689564,"_step":14,"epoch":15,"train_acc":0.9789201021194458,"val_acc":0.9495614171028137,"_wandb":{"runtime":2452},"train_loss":0.07635825615480939,"elapsed_time":162.8409616947174}