{"_wandb":{"runtime":1191},"train_acc":0.967363178730011,"epoch":16,"_timestamp":1.732858970961748e+09,"val_loss":0.42599996832617815,"elapsed_time":74.58435106277466,"val_acc":0.9136592149734497,"_runtime":1191.626078968,"_step":15,"train_loss":0.1029909113504698}