{"train_loss":0.08345011505849395,"_wandb":{"runtime":2521},"_runtime":2521.792288151,"val_loss":0.20461991164145646,"_step":14,"epoch":15,"train_acc":0.9748520851135254,"elapsed_time":163.8078417778015,"_timestamp":1.7329781695486295e+09,"val_acc":0.949195921421051}