{"_step":36,"val_loss":0.19384069268761034,"_timestamp":1.7331720566203296e+09,"_wandb":{"runtime":6693},"train_acc":0.7992931604385376,"elapsed_time":180.54505848884583,"val_acc":0.9554093480110168,"_runtime":6693.223782288,"epoch":37,"train_loss":0.7972270315513015}