{"_timestamp":1.73289412767883e+09,"val_loss":0.2557358858917934,"_runtime":2803.925461105,"_wandb":{"runtime":2803},"val_acc":0.9323891997337341,"epoch":17,"_step":16,"train_acc":0.9890902638435364,"train_loss":0.038400137206655235,"elapsed_time":165.6052598953247}