{"val_f1":0.8516082167625427,"_step":14,"train_f1":0.9851407408714294,"epoch":15,"_wandb":{"runtime":1705},"_runtime":1705.10431697,"train_loss":0.05020299795767771,"val_loss":0.6882505416220357,"elapsed_time":108.16052532196045,"_timestamp":1.7326655481076264e+09}