{"val_acc":0.9404239654541016,"_runtime":4690.63321586,"_timestamp":1.732922584035671e+09,"_wandb":{"runtime":4690},"val_loss":0.238897768131506,"elapsed_time":263.8201880455017,"train_acc":0.9770709872245789,"train_loss":0.0796786596311102,"epoch":17,"_step":16}