{"epoch":14,"_timestamp":1.7329000037814863e+09,"val_loss":0.2121819246398366,"_runtime":2479.141698122,"train_acc":0.9744822382926941,"elapsed_time":203.79433584213257,"train_loss":0.08968077840272491,"val_acc":0.9447236061096191,"_step":13,"_wandb":{"runtime":2479}}