{"_step":16,"_runtime":1258.831405952,"elapsed_time":73.43342566490173,"_timestamp":1.732860238357625e+09,"train_acc":0.9516457319259644,"val_loss":0.5711829601854518,"epoch":17,"val_acc":0.8679762482643127,"_wandb":{"runtime":1258},"train_loss":0.14844572393791255}