{"_runtime":1300.180954777,"elapsed_time":69.0159740447998,"_step":18,"val_loss":0.8124765714873439,"train_loss":0.4093001190815452,"val_acc":0.7779808044433594,"train_acc":0.8749075531959534,"epoch":19,"_timestamp":1.732868852887921e+09,"_wandb":{"runtime":1300}}