{"val_loss":0.745730025180872,"elapsed_time":70.27295970916748,"_runtime":1625.804776587,"train_loss":0.2619632577755042,"epoch":23,"_wandb":{"runtime":1625},"val_acc":0.7962539792060852,"_timestamp":1.7328577597128584e+09,"train_acc":0.9178069233894348,"_step":22}