{"_runtime":1807.088607879,"val_loss":0.7826984490173451,"_step":25,"_timestamp":1.7328741584497979e+09,"val_acc":0.7756966948509216,"_wandb":{"runtime":1807},"elapsed_time":69.86015105247498,"train_acc":0.8764792680740356,"epoch":26,"train_loss":0.4143174671121603}