{"epoch":17,"_step":16,"train_acc":0.9223372936248779,"val_loss":0.7720635255825692,"elapsed_time":67.11899828910828,"train_loss":0.24943476785304983,"_wandb":{"runtime":1144},"val_acc":0.8085883855819702,"_timestamp":1.732856122392456e+09,"_runtime":1144.508715232}