{"train_acc":0.8993158340454102,"epoch":22,"val_loss":0.6651919747608296,"_wandb":{"runtime":1722},"elapsed_time":71.30103039741516,"_timestamp":1.7328673638495185e+09,"train_loss":0.3169079518838394,"_runtime":1722.942420786,"_step":21,"val_acc":0.8168113231658936}