{"_step":16,"train_acc":0.9720783829689026,"_timestamp":1.732929676411472e+09,"val_loss":0.21771454646388816,"epoch":17,"val_acc":0.9415204524993896,"train_loss":0.0930260342157297,"_wandb":{"runtime":2849},"elapsed_time":168.14371252059937,"_runtime":2849.227771919}