{"_wandb":{"runtime":1445},"train_acc":0.9225221872329712,"_timestamp":1.73286578084586e+09,"epoch":20,"val_loss":0.5613196535386901,"val_acc":0.8483325839042664,"elapsed_time":73.15118026733398,"train_loss":0.23647476505686546,"_runtime":1445.783422574,"_step":19}