{"train_loss":0.8005431342054401,"val_acc":0.9554093480110168,"_step":22,"_timestamp":1.733165110556197e+09,"_runtime":3843.096454518,"_wandb":{"runtime":3843},"epoch":23,"train_acc":0.7951183319091797,"elapsed_time":169.13853311538696,"val_loss":0.1771635748797941}